ctime,relname,pid,mode,granted
1439877006.93477,customer,4312,ExclusiveLock,t
1439877006.93477,customer,4312,RowExclusiveLock,t
1439877006.93477,lineitem,4315,RowExclusiveLock,t
1439877006.93477,nation,4339,ShareUpdateExclusiveLock,t
1439877006.93477,orders,4318,ExclusiveLock,t
1439877006.93477,orders,4318,RowExclusiveLock,t
1439877006.93477,part,4310,RowExclusiveLock,t
1439877006.93477,partsupp,4311,RowExclusiveLock,t
1439877006.93477,pg_locks,4346,AccessShareLock,t
1439877006.93477,pg_rewrite,4349,AccessShareLock,t
1439877006.93477,pg_rewrite,4350,AccessShareLock,t
1439877006.93477,pg_rewrite_rel_rulename_index,4350,AccessShareLock,t
1439877006.93477,pg_rewrite_rel_rulename_index,4349,AccessShareLock,t
1439877006.93477,pg_stat_activity,4347,AccessShareLock,t
1439877006.93477,pg_stat_all_indexes,4350,AccessShareLock,t
1439877006.93477,pg_stat_database,4348,AccessShareLock,t
1439877006.93477,pg_statio_all_tables,4349,AccessShareLock,t
1439877006.93477,pk_nation,4339,AccessShareLock,t
1439877006.93477,supplier,4314,RowExclusiveLock,t
1439877066.9372,customer,4312,RowExclusiveLock,t
1439877066.9372,lineitem,4315,RowExclusiveLock,t
1439877066.9372,orders,4318,RowExclusiveLock,t
1439877066.9372,part,4310,RowExclusiveLock,t
1439877066.9372,partsupp,4311,RowExclusiveLock,t
1439877066.9372,pg_index,4369,AccessShareLock,t
1439877066.9372,pg_locks,4368,AccessShareLock,t
1439877066.9372,pg_namespace,4369,AccessShareLock,t
1439877066.9372,pg_rewrite,4372,AccessShareLock,t
1439877066.9372,pg_rewrite_rel_rulename_index,4372,AccessShareLock,t
1439877066.9372,pg_stat_activity,4371,AccessShareLock,t
1439877066.9372,pg_stat_all_indexes,4369,AccessShareLock,t
1439877066.9372,pg_stat_all_tables,4372,AccessShareLock,t
1439877066.9372,pg_stat_database,4370,AccessShareLock,t
1439877066.9372,pg_statio_all_indexes,4369,AccessShareLock,t
1439877066.9372,pg_statio_all_tables,4372,AccessShareLock,t
1439877126.93995,customer,4382,ShareLock,f
1439877126.93995,customer,4383,ShareLock,f
1439877126.93995,customer,4379,AccessExclusiveLock,t
1439877126.93995,customer,4379,ShareLock,t
1439877126.93995,customer,4381,ShareLock,f
1439877126.93995,lineitem,4315,RowExclusiveLock,t
1439877126.93995,orders,4318,RowExclusiveLock,t
1439877126.93995,part,4395,AccessExclusiveLock,f
1439877126.93995,part,4391,ShareLock,t
1439877126.93995,part,4394,ShareLock,t
1439877126.93995,part,4392,ShareLock,t
1439877126.93995,part,4393,ShareLock,t
1439877126.93995,partsupp,4311,RowExclusiveLock,t
1439877126.93995,partsupp,4311,ExclusiveLock,t
1439877126.93995,pg_locks,4403,AccessShareLock,t
1439877126.93995,pg_rewrite,4407,AccessShareLock,t
1439877126.93995,pg_rewrite_rel_rulename_index,4407,AccessShareLock,t
1439877126.93995,pg_stat_activity,4404,AccessShareLock,t
1439877126.93995,pg_stat_all_indexes,4406,AccessShareLock,t
1439877126.93995,pg_stat_database,4405,AccessShareLock,t
1439877126.93995,pg_statio_all_indexes,4406,AccessShareLock,t
1439877126.93995,pg_statio_all_tables,4407,AccessShareLock,t
1439877186.94248,customer,4382,ShareLock,t
1439877186.94248,lineitem,4315,RowExclusiveLock,t
1439877186.94248,orders,4318,RowExclusiveLock,t
1439877186.94248,part,4392,ShareLock,t
1439877186.94248,part,4395,AccessExclusiveLock,f
1439877186.94248,part,4391,ShareLock,t
1439877186.94248,part,4394,ShareLock,t
1439877186.94248,partsupp,4311,ExclusiveLock,t
1439877186.94248,partsupp,4311,RowExclusiveLock,t
1439877186.94248,pg_index,4420,AccessShareLock,t
1439877186.94248,pg_index,4416,AccessShareLock,t
1439877186.94248,pg_locks,4417,AccessShareLock,t
1439877186.94248,pg_stat_activity,4418,AccessShareLock,t
1439877186.94248,pg_stat_all_indexes,4420,AccessShareLock,t
1439877186.94248,pg_stat_all_tables,4416,AccessShareLock,t
1439877186.94248,pg_stat_database,4419,AccessShareLock,t
1439877186.94248,pg_statio_all_indexes,4420,AccessShareLock,t
1439877186.94248,pg_statio_all_tables,4416,AccessShareLock,t
1439877246.94403,lineitem,4315,RowExclusiveLock,t
1439877246.94403,orders,4318,RowExclusiveLock,t
1439877246.94403,partsupp,4311,ExclusiveLock,t
1439877246.94403,partsupp,4311,RowExclusiveLock,t
1439877246.94403,pg_locks,4434,AccessShareLock,t
1439877246.94403,pg_operator,4437,AccessShareLock,t
1439877246.94403,pg_operator_oprname_l_r_n_index,4437,AccessShareLock,t
1439877246.94403,pg_stat_activity,4436,AccessShareLock,t
1439877246.94403,pg_stat_all_indexes,4435,AccessShareLock,t
1439877246.94403,pg_stat_all_tables,4437,AccessShareLock,t
1439877246.94403,pg_stat_database,4438,AccessShareLock,t
1439877246.94403,pg_statio_all_indexes,4435,AccessShareLock,t
1439877246.94403,pg_statio_all_tables,4437,AccessShareLock,t
1439877306.94614,lineitem,4315,RowExclusiveLock,t
1439877306.94614,orders,4318,RowExclusiveLock,t
1439877306.94614,partsupp,4311,ExclusiveLock,t
1439877306.94614,partsupp,4311,RowExclusiveLock,t
1439877306.94614,pg_cast,4450,AccessShareLock,t
1439877306.94614,pg_cast_source_target_index,4450,AccessShareLock,t
1439877306.94614,pg_locks,4448,AccessShareLock,t
1439877306.94614,pg_stat_all_indexes,4451,AccessShareLock,t
1439877306.94614,pg_stat_all_tables,4450,AccessShareLock,t
1439877306.94614,pg_stat_database,4449,AccessShareLock,t
1439877306.94614,pg_statio_all_indexes,4451,AccessShareLock,t
1439877306.94614,pg_statio_all_tables,4450,AccessShareLock,t
1439877366.94743,lineitem,4315,RowExclusiveLock,t
1439877366.94743,orders,4318,RowExclusiveLock,t
1439877366.94743,partsupp,4455,AccessExclusiveLock,f
1439877366.94743,partsupp,4456,ShareLock,t
1439877366.94743,pg_amop,4466,AccessShareLock,t
1439877366.94743,pg_amop_opr_fam_index,4466,AccessShareLock,t
1439877366.94743,pg_locks,4464,AccessShareLock,t
1439877366.94743,pg_rewrite,4468,AccessShareLock,t
1439877366.94743,pg_rewrite,4467,AccessShareLock,t
1439877366.94743,pg_rewrite_rel_rulename_index,4467,AccessShareLock,t
1439877366.94743,pg_rewrite_rel_rulename_index,4468,AccessShareLock,t
1439877366.94743,pg_stat_activity,4466,AccessShareLock,t
1439877366.94743,pg_stat_all_indexes,4468,AccessShareLock,t
1439877366.94743,pg_stat_all_tables,4467,AccessShareLock,t
1439877366.94743,pg_stat_database,4465,AccessShareLock,t
1439877366.94743,pg_statio_all_indexes,4468,AccessShareLock,t
1439877366.94743,pg_statio_all_tables,4467,AccessShareLock,t
1439877426.9494,lineitem,4315,RowExclusiveLock,t
1439877426.9494,orders,4318,RowExclusiveLock,t
1439877426.9494,partsupp,4455,AccessExclusiveLock,t
1439877426.9494,partsupp,4455,ShareLock,t
1439877426.9494,pg_locks,4477,AccessShareLock,t
1439877426.9494,pg_rewrite,4481,AccessShareLock,t
1439877426.9494,pg_rewrite_rel_rulename_index,4481,AccessShareLock,t
1439877426.9494,pg_stat_activity,4479,AccessShareLock,t
1439877426.9494,pg_stat_all_indexes,4480,AccessShareLock,t
1439877426.9494,pg_stat_database,4478,AccessShareLock,t
1439877426.9494,pg_statio_all_indexes,4480,AccessShareLock,t
1439877426.9494,pg_statio_all_tables,4481,AccessShareLock,t
1439877486.95376,lineitem,4315,RowExclusiveLock,t
1439877486.95376,lineitem,4315,ExclusiveLock,t
1439877486.95376,orders,4318,RowExclusiveLock,t
1439877486.95376,pg_amproc,4495,AccessShareLock,t
1439877486.95376,pg_amproc_fam_proc_index,4495,AccessShareLock,t
1439877486.95376,pg_index,4494,AccessShareLock,t
1439877486.95376,pg_index,4495,AccessShareLock,t
1439877486.95376,pg_index_indexrelid_index,4495,AccessShareLock,t
1439877486.95376,pg_index_indexrelid_index,4494,AccessShareLock,t
1439877486.95376,pg_index_indrelid_index,4495,AccessShareLock,t
1439877486.95376,pg_index_indrelid_index,4494,AccessShareLock,t
1439877486.95376,pg_locks,4493,AccessShareLock,t
1439877486.95376,pg_namespace,4494,AccessShareLock,t
1439877486.95376,pg_namespace,4495,AccessShareLock,t
1439877486.95376,pg_namespace_nspname_index,4494,AccessShareLock,t
1439877486.95376,pg_namespace_nspname_index,4495,AccessShareLock,t
1439877486.95376,pg_namespace_oid_index,4494,AccessShareLock,t
1439877486.95376,pg_namespace_oid_index,4495,AccessShareLock,t
1439877486.95376,pg_stat_all_indexes,4494,AccessShareLock,t
1439877486.95376,pg_stat_all_tables,4495,AccessShareLock,t
1439877486.95376,pg_stat_database,4492,AccessShareLock,t
1439877486.95376,pg_statio_all_indexes,4494,AccessShareLock,t
1439877486.95376,pg_statio_all_tables,4495,AccessShareLock,t
1439877546.95397,lineitem,4315,RowExclusiveLock,t
1439877546.95397,orders,4318,RowExclusiveLock,t
1439877546.95397,orders,4318,ExclusiveLock,t
1439877546.95397,pg_index,4508,AccessShareLock,t
1439877546.95397,pg_index,4509,AccessShareLock,t
1439877546.95397,pg_index_indexrelid_index,4509,AccessShareLock,t
1439877546.95397,pg_index_indrelid_index,4509,AccessShareLock,t
1439877546.95397,pg_locks,4506,AccessShareLock,t
1439877546.95397,pg_namespace,4509,AccessShareLock,t
1439877546.95397,pg_namespace_nspname_index,4509,AccessShareLock,t
1439877546.95397,pg_namespace_oid_index,4509,AccessShareLock,t
1439877546.95397,pg_stat_all_indexes,4509,AccessShareLock,t
1439877546.95397,pg_stat_all_tables,4508,AccessShareLock,t
1439877546.95397,pg_stat_database,4510,AccessShareLock,t
1439877546.95397,pg_statio_all_indexes,4509,AccessShareLock,t
1439877546.95397,pg_statio_all_tables,4508,AccessShareLock,t
1439877606.95474,lineitem,4315,RowExclusiveLock,t
1439877606.95474,orders,4318,RowExclusiveLock,t
1439877606.95474,pg_index,4531,AccessShareLock,t
1439877606.95474,pg_index,4530,AccessShareLock,t
1439877606.95474,pg_index_indrelid_index,4530,AccessShareLock,t
1439877606.95474,pg_index_indrelid_index,4531,AccessShareLock,t
1439877606.95474,pg_locks,4528,AccessShareLock,t
1439877606.95474,pg_rewrite,4530,AccessShareLock,t
1439877606.95474,pg_rewrite,4531,AccessShareLock,t
1439877606.95474,pg_rewrite_rel_rulename_index,4531,AccessShareLock,t
1439877606.95474,pg_rewrite_rel_rulename_index,4530,AccessShareLock,t
1439877606.95474,pg_stat_activity,4527,AccessShareLock,t
1439877606.95474,pg_stat_all_indexes,4531,AccessShareLock,t
1439877606.95474,pg_stat_database,4529,AccessShareLock,t
1439877606.95474,pg_statio_all_tables,4530,AccessShareLock,t
1439877606.95474,pg_toast_2618,4531,AccessShareLock,t
1439877606.95474,pg_toast_2618,4530,AccessShareLock,t
1439877666.95776,lineitem,4315,RowExclusiveLock,t
1439877666.95776,orders,4537,AccessExclusiveLock,f
1439877666.95776,orders,4538,ShareLock,t
1439877666.95776,orders,4536,ShareLock,t
1439877666.95776,pg_index,4566,AccessShareLock,t
1439877666.95776,pg_index,4568,AccessShareLock,t
1439877666.95776,pg_index_indexrelid_index,4568,AccessShareLock,t
1439877666.95776,pg_index_indexrelid_index,4566,AccessShareLock,t
1439877666.95776,pg_index_indrelid_index,4568,AccessShareLock,t
1439877666.95776,pg_index_indrelid_index,4566,AccessShareLock,t
1439877666.95776,pg_locks,4567,AccessShareLock,t
1439877666.95776,pg_namespace,4566,AccessShareLock,t
1439877666.95776,pg_namespace,4568,AccessShareLock,t
1439877666.95776,pg_namespace_nspname_index,4568,AccessShareLock,t
1439877666.95776,pg_namespace_nspname_index,4566,AccessShareLock,t
1439877666.95776,pg_namespace_oid_index,4568,AccessShareLock,t
1439877666.95776,pg_namespace_oid_index,4566,AccessShareLock,t
1439877666.95776,pg_opclass,4568,AccessShareLock,t
1439877666.95776,pg_opclass_am_name_nsp_index,4568,AccessShareLock,t
1439877666.95776,pg_stat_all_indexes,4566,AccessShareLock,t
1439877666.95776,pg_stat_all_tables,4568,AccessShareLock,t
1439877666.95776,pg_stat_database,4569,AccessShareLock,t
1439877666.95776,pg_statio_all_indexes,4566,AccessShareLock,t
1439877666.95776,pg_statio_all_tables,4568,AccessShareLock,t
1439877726.9583,lineitem,4315,ExclusiveLock,t
1439877726.9583,lineitem,4315,RowExclusiveLock,t
1439877726.9583,orders,4537,AccessExclusiveLock,f
1439877726.9583,orders,4538,ShareLock,t
1439877726.9583,orders,4536,ShareLock,t
1439877726.9583,pg_index,4581,AccessShareLock,t
1439877726.9583,pg_locks,4580,AccessShareLock,t
1439877726.9583,pg_stat_activity,4582,AccessShareLock,t
1439877726.9583,pg_stat_all_indexes,4581,AccessShareLock,t
1439877726.9583,pg_stat_all_tables,4583,AccessShareLock,t
1439877726.9583,pg_stat_database,4579,AccessShareLock,t
1439877726.9583,pg_statio_all_indexes,4581,AccessShareLock,t
1439877726.9583,pg_statio_all_tables,4583,AccessShareLock,t
1439877786.96061,lineitem,4315,RowExclusiveLock,t
1439877786.96061,orders,4537,AccessExclusiveLock,f
1439877786.96061,orders,4538,ShareLock,t
1439877786.96061,pg_index,4596,AccessShareLock,t
1439877786.96061,pg_locks,4594,AccessShareLock,t
1439877786.96061,pg_namespace,4596,AccessShareLock,t
1439877786.96061,pg_rewrite,4595,AccessShareLock,t
1439877786.96061,pg_rewrite_rel_rulename_index,4595,AccessShareLock,t
1439877786.96061,pg_stat_activity,4592,AccessShareLock,t
1439877786.96061,pg_stat_all_indexes,4596,AccessShareLock,t
1439877786.96061,pg_stat_database,4593,AccessShareLock,t
1439877786.96061,pg_statio_all_indexes,4596,AccessShareLock,t
1439877786.96061,pg_statio_all_tables,4595,AccessShareLock,t
1439877846.96123,lineitem,4315,RowExclusiveLock,t
1439877846.96123,orders,4538,ShareLock,t
1439877846.96123,orders,4537,AccessExclusiveLock,f
1439877846.96123,pg_locks,4605,AccessShareLock,t
1439877846.96123,pg_stat_activity,4606,AccessShareLock,t
1439877846.96123,pg_stat_all_indexes,4609,AccessShareLock,t
1439877846.96123,pg_stat_all_tables,4608,AccessShareLock,t
1439877846.96123,pg_stat_database,4607,AccessShareLock,t
1439877846.96123,pg_statio_all_indexes,4609,AccessShareLock,t
1439877846.96123,pg_statio_all_tables,4608,AccessShareLock,t
1439877906.96362,lineitem,4315,RowExclusiveLock,t
1439877906.96362,orders,4537,AccessExclusiveLock,t
1439877906.96362,orders,4537,ShareLock,t
1439877906.96362,pg_index,4622,AccessShareLock,t
1439877906.96362,pg_locks,4619,AccessShareLock,t
1439877906.96362,pg_namespace,4622,AccessShareLock,t
1439877906.96362,pg_operator,4620,AccessShareLock,t
1439877906.96362,pg_operator_oprname_l_r_n_index,4620,AccessShareLock,t
1439877906.96362,pg_stat_activity,4621,AccessShareLock,t
1439877906.96362,pg_stat_all_indexes,4622,AccessShareLock,t
1439877906.96362,pg_stat_all_tables,4620,AccessShareLock,t
1439877906.96362,pg_stat_database,4618,AccessShareLock,t
1439877906.96362,pg_statio_all_indexes,4622,AccessShareLock,t
1439877906.96362,pg_statio_all_tables,4620,AccessShareLock,t
1439877966.96413,lineitem,4315,RowExclusiveLock,t
1439877966.96413,pg_locks,4633,AccessShareLock,t
1439877966.96413,pg_operator,4635,AccessShareLock,t
1439877966.96413,pg_operator,4634,AccessShareLock,t
1439877966.96413,pg_operator_oid_index,4635,AccessShareLock,t
1439877966.96413,pg_operator_oprname_l_r_n_index,4634,AccessShareLock,t
1439877966.96413,pg_stat_all_tables,4634,AccessShareLock,t
1439877966.96413,pg_stat_database,4635,AccessShareLock,t
1439877966.96413,pg_statio_all_tables,4634,AccessShareLock,t
1439878026.96596,lineitem,4315,RowExclusiveLock,t
1439878026.96596,pg_index,4647,AccessShareLock,t
1439878026.96596,pg_locks,4646,AccessShareLock,t
1439878026.96596,pg_namespace,4647,AccessShareLock,t
1439878026.96596,pg_stat_activity,4650,AccessShareLock,t
1439878026.96596,pg_stat_all_indexes,4648,AccessShareLock,t
1439878026.96596,pg_stat_all_tables,4647,AccessShareLock,t
1439878026.96596,pg_stat_database,4649,AccessShareLock,t
1439878026.96596,pg_statio_all_tables,4647,AccessShareLock,t
1439878086.96775,lineitem,4315,RowExclusiveLock,t
1439878086.96775,pg_index,4660,AccessShareLock,t
1439878086.96775,pg_locks,4659,AccessShareLock,t
1439878086.96775,pg_rewrite,4662,AccessShareLock,t
1439878086.96775,pg_rewrite_rel_rulename_index,4662,AccessShareLock,t
1439878086.96775,pg_stat_activity,4661,AccessShareLock,t
1439878086.96775,pg_stat_all_indexes,4662,AccessShareLock,t
1439878086.96775,pg_stat_all_tables,4660,AccessShareLock,t
1439878086.96775,pg_stat_database,4663,AccessShareLock,t
1439878086.96775,pg_statio_all_indexes,4662,AccessShareLock,t
1439878086.96775,pg_statio_all_tables,4660,AccessShareLock,t
1439878146.97095,lineitem,4315,RowExclusiveLock,t
1439878146.97095,pg_index,4675,AccessShareLock,t
1439878146.97095,pg_index,4676,AccessShareLock,t
1439878146.97095,pg_locks,4672,AccessShareLock,t
1439878146.97095,pg_namespace,4675,AccessShareLock,t
1439878146.97095,pg_namespace,4676,AccessShareLock,t
1439878146.97095,pg_stat_all_indexes,4676,AccessShareLock,t
1439878146.97095,pg_stat_all_tables,4675,AccessShareLock,t
1439878146.97095,pg_stat_database,4674,AccessShareLock,t
1439878146.97095,pg_statio_all_indexes,4676,AccessShareLock,t
1439878146.97095,pg_statio_all_tables,4675,AccessShareLock,t
1439878206.97244,lineitem,4315,RowExclusiveLock,t
1439878206.97244,pg_index,4693,AccessShareLock,t
1439878206.97244,pg_index,4695,AccessShareLock,t
1439878206.97244,pg_index_indexrelid_index,4693,AccessShareLock,t
1439878206.97244,pg_index_indrelid_index,4693,AccessShareLock,t
1439878206.97244,pg_locks,4696,AccessShareLock,t
1439878206.97244,pg_namespace,4693,AccessShareLock,t
1439878206.97244,pg_namespace_nspname_index,4693,AccessShareLock,t
1439878206.97244,pg_namespace_oid_index,4693,AccessShareLock,t
1439878206.97244,pg_stat_activity,4697,AccessShareLock,t
1439878206.97244,pg_stat_all_indexes,4693,AccessShareLock,t
1439878206.97244,pg_stat_all_tables,4695,AccessShareLock,t
1439878206.97244,pg_stat_database,4694,AccessShareLock,t
1439878206.97244,pg_statio_all_indexes,4693,AccessShareLock,t
1439878206.97244,pg_statio_all_tables,4695,AccessShareLock,t
1439878266.97244,lineitem,4315,RowExclusiveLock,t
1439878266.97244,pg_locks,4707,AccessShareLock,t
1439878266.97244,pg_stat_all_tables,4708,AccessShareLock,t
1439878266.97244,pg_stat_database,4710,AccessShareLock,t
1439878266.97244,pg_statio_all_tables,4708,AccessShareLock,t
1439878326.97384,lineitem,4315,RowExclusiveLock,t
1439878326.97384,pg_locks,4720,AccessShareLock,t
1439878326.97384,pg_rewrite,4722,AccessShareLock,t
1439878326.97384,pg_rewrite_rel_rulename_index,4722,AccessShareLock,t
1439878326.97384,pg_stat_activity,4721,AccessShareLock,t
1439878326.97384,pg_stat_database,4723,AccessShareLock,t
1439878326.97384,pg_statio_all_tables,4722,AccessShareLock,t
1439878326.97384,pg_toast_2618,4722,AccessShareLock,t
1439878386.97614,lineitem,4315,RowExclusiveLock,t
1439878386.97614,pg_locks,4734,AccessShareLock,t
1439878386.97614,pg_rewrite,4737,AccessShareLock,t
1439878386.97614,pg_rewrite_rel_rulename_index,4737,AccessShareLock,t
1439878386.97614,pg_stat_activity,4733,AccessShareLock,t
1439878386.97614,pg_stat_all_indexes,4737,AccessShareLock,t
1439878386.97614,pg_stat_all_tables,4736,AccessShareLock,t
1439878386.97614,pg_stat_database,4735,AccessShareLock,t
1439878386.97614,pg_statio_all_tables,4736,AccessShareLock,t
1439878446.9788,lineitem,4315,RowExclusiveLock,t
1439878446.9788,pg_index,4748,AccessShareLock,t
1439878446.9788,pg_index,4750,AccessShareLock,t
1439878446.9788,pg_locks,4747,AccessShareLock,t
1439878446.9788,pg_stat_activity,4746,AccessShareLock,t
1439878446.9788,pg_stat_all_indexes,4748,AccessShareLock,t
1439878446.9788,pg_stat_all_tables,4750,AccessShareLock,t
1439878446.9788,pg_stat_database,4749,AccessShareLock,t
1439878446.9788,pg_statio_all_indexes,4748,AccessShareLock,t
1439878446.9788,pg_statio_all_tables,4750,AccessShareLock,t
1439878506.981,lineitem,4315,RowExclusiveLock,t
1439878506.981,pg_index,4763,AccessShareLock,t
1439878506.981,pg_locks,4762,AccessShareLock,t
1439878506.981,pg_stat_all_indexes,4763,AccessShareLock,t
1439878506.981,pg_stat_all_tables,4761,AccessShareLock,t
1439878506.981,pg_stat_database,4759,AccessShareLock,t
1439878506.981,pg_statio_all_indexes,4763,AccessShareLock,t
1439878506.981,pg_statio_all_tables,4761,AccessShareLock,t
1439878566.98114,lineitem,4315,RowExclusiveLock,t
1439878566.98114,pg_index,4773,AccessShareLock,t
1439878566.98114,pg_locks,4772,AccessShareLock,t
1439878566.98114,pg_rewrite,4776,AccessShareLock,t
1439878566.98114,pg_rewrite_rel_rulename_index,4776,AccessShareLock,t
1439878566.98114,pg_stat_activity,4776,AccessShareLock,t
1439878566.98114,pg_stat_all_indexes,4773,AccessShareLock,t
1439878566.98114,pg_stat_database,4774,AccessShareLock,t
1439878566.98114,pg_statio_all_indexes,4773,AccessShareLock,t
1439878626.98284,lineitem,4315,RowExclusiveLock,t
1439878626.98284,pg_locks,4785,AccessShareLock,t
1439878626.98284,pg_rewrite,4788,AccessShareLock,t
1439878626.98284,pg_rewrite,4789,AccessShareLock,t
1439878626.98284,pg_rewrite_rel_rulename_index,4788,AccessShareLock,t
1439878626.98284,pg_rewrite_rel_rulename_index,4789,AccessShareLock,t
1439878626.98284,pg_stat_activity,4786,AccessShareLock,t
1439878626.98284,pg_stat_all_indexes,4788,AccessShareLock,t
1439878626.98284,pg_stat_database,4787,AccessShareLock,t
1439878626.98284,pg_statio_all_indexes,4788,AccessShareLock,t
1439878626.98284,pg_statio_all_tables,4789,AccessShareLock,t
1439878686.98574,lineitem,4315,RowExclusiveLock,t
1439878686.98574,pg_index,4802,AccessShareLock,t
1439878686.98574,pg_index,4801,AccessShareLock,t
1439878686.98574,pg_locks,4800,AccessShareLock,t
1439878686.98574,pg_namespace,4801,AccessShareLock,t
1439878686.98574,pg_stat_activity,4799,AccessShareLock,t
1439878686.98574,pg_stat_all_indexes,4801,AccessShareLock,t
1439878686.98574,pg_stat_all_tables,4802,AccessShareLock,t
1439878686.98574,pg_stat_database,4798,AccessShareLock,t
1439878686.98574,pg_statio_all_indexes,4801,AccessShareLock,t
1439878686.98574,pg_statio_all_tables,4802,AccessShareLock,t
1439878746.98696,lineitem,4315,RowExclusiveLock,t
1439878746.98696,pg_locks,4814,AccessShareLock,t
1439878746.98696,pg_rewrite,4815,AccessShareLock,t
1439878746.98696,pg_rewrite_rel_rulename_index,4815,AccessShareLock,t
1439878746.98696,pg_stat_all_indexes,4815,AccessShareLock,t
1439878746.98696,pg_stat_all_tables,4811,AccessShareLock,t
1439878746.98696,pg_stat_database,4812,AccessShareLock,t
1439878746.98696,pg_statio_all_indexes,4815,AccessShareLock,t
1439878746.98696,pg_statio_all_tables,4811,AccessShareLock,t
1439878806.9876,lineitem,4315,RowExclusiveLock,t
1439878806.9876,pg_index,4832,AccessShareLock,t
1439878806.9876,pg_locks,4831,AccessShareLock,t
1439878806.9876,pg_rewrite,4834,AccessShareLock,t
1439878806.9876,pg_rewrite,4835,AccessShareLock,t
1439878806.9876,pg_rewrite_rel_rulename_index,4835,AccessShareLock,t
1439878806.9876,pg_rewrite_rel_rulename_index,4834,AccessShareLock,t
1439878806.9876,pg_stat_activity,4834,AccessShareLock,t
1439878806.9876,pg_stat_all_indexes,4832,AccessShareLock,t
1439878806.9876,pg_stat_database,4833,AccessShareLock,t
1439878806.9876,pg_statio_all_indexes,4832,AccessShareLock,t
1439878806.9876,pg_statio_all_tables,4835,AccessShareLock,t
1439878866.99029,lineitem,4315,RowExclusiveLock,t
1439878866.99029,pg_index,4847,AccessShareLock,t
1439878866.99029,pg_locks,4844,AccessShareLock,t
1439878866.99029,pg_namespace,4847,AccessShareLock,t
1439878866.99029,pg_stat_activity,4845,AccessShareLock,t
1439878866.99029,pg_stat_all_indexes,4847,AccessShareLock,t
1439878866.99029,pg_stat_all_tables,4848,AccessShareLock,t
1439878866.99029,pg_stat_database,4846,AccessShareLock,t
1439878866.99029,pg_statio_all_indexes,4847,AccessShareLock,t
1439878866.99029,pg_statio_all_tables,4848,AccessShareLock,t
1439878926.99058,lineitem,4315,RowExclusiveLock,t
1439878926.99058,pg_locks,4857,AccessShareLock,t
1439878926.99058,pg_rewrite,4860,AccessShareLock,t
1439878926.99058,pg_rewrite_rel_rulename_index,4860,AccessShareLock,t
1439878926.99058,pg_stat_all_indexes,4858,AccessShareLock,t
1439878926.99058,pg_statio_all_indexes,4858,AccessShareLock,t
1439878926.99058,pg_statio_all_tables,4860,AccessShareLock,t
1439878986.99367,lineitem,4315,RowExclusiveLock,t
1439878986.99367,pg_index,4871,AccessShareLock,t
1439878986.99367,pg_locks,4873,AccessShareLock,t
1439878986.99367,pg_namespace,4871,AccessShareLock,t
1439878986.99367,pg_stat_activity,4870,AccessShareLock,t
1439878986.99367,pg_stat_all_indexes,4874,AccessShareLock,t
1439878986.99367,pg_stat_all_tables,4871,AccessShareLock,t
1439878986.99367,pg_stat_database,4872,AccessShareLock,t
1439878986.99367,pg_statio_all_indexes,4874,AccessShareLock,t
1439878986.99367,pg_statio_all_tables,4871,AccessShareLock,t
1439879046.99414,lineitem,4315,RowExclusiveLock,t
1439879046.99414,pg_cast,4885,AccessShareLock,t
1439879046.99414,pg_cast_source_target_index,4885,AccessShareLock,t
1439879046.99414,pg_index,4883,AccessShareLock,t
1439879046.99414,pg_locks,4884,AccessShareLock,t
1439879046.99414,pg_namespace,4883,AccessShareLock,t
1439879046.99414,pg_rewrite,4887,AccessShareLock,t
1439879046.99414,pg_rewrite_rel_rulename_index,4887,AccessShareLock,t
1439879046.99414,pg_stat_activity,4886,AccessShareLock,t
1439879046.99414,pg_stat_all_indexes,4883,AccessShareLock,t
1439879046.99414,pg_stat_database,4885,AccessShareLock,t
1439879046.99414,pg_statio_all_indexes,4883,AccessShareLock,t
1439879046.99414,pg_statio_all_tables,4887,AccessShareLock,t
1439879106.99653,lineitem,4315,RowExclusiveLock,t
1439879106.99653,pg_index,4897,AccessShareLock,t
1439879106.99653,pg_index,4900,AccessShareLock,t
1439879106.99653,pg_locks,4898,AccessShareLock,t
1439879106.99653,pg_namespace,4897,AccessShareLock,t
1439879106.99653,pg_namespace,4900,AccessShareLock,t
1439879106.99653,pg_stat_activity,4899,AccessShareLock,t
1439879106.99653,pg_stat_all_indexes,4900,AccessShareLock,t
1439879106.99653,pg_stat_all_tables,4897,AccessShareLock,t
1439879106.99653,pg_stat_database,4896,AccessShareLock,t
1439879106.99653,pg_statio_all_indexes,4900,AccessShareLock,t
1439879106.99653,pg_statio_all_tables,4897,AccessShareLock,t
1439879106.99653,pg_statistic,4899,AccessShareLock,t
1439879106.99653,pg_statistic_relid_att_inh_index,4899,AccessShareLock,t
1439879166.99792,lineitem,4315,RowExclusiveLock,t
1439879166.99792,pg_locks,4910,AccessShareLock,t
1439879166.99792,pg_rewrite,4912,AccessShareLock,t
1439879166.99792,pg_rewrite,4913,AccessShareLock,t
1439879166.99792,pg_rewrite_rel_rulename_index,4912,AccessShareLock,t
1439879166.99792,pg_rewrite_rel_rulename_index,4913,AccessShareLock,t
1439879166.99792,pg_stat_activity,4911,AccessShareLock,t
1439879166.99792,pg_stat_all_indexes,4912,AccessShareLock,t
1439879166.99792,pg_stat_database,4914,AccessShareLock,t
1439879166.99792,pg_statio_all_indexes,4912,AccessShareLock,t
1439879166.99792,pg_statio_all_tables,4913,AccessShareLock,t
1439879166.99792,pg_statistic,4911,AccessShareLock,t
1439879166.99792,pg_statistic_relid_att_inh_index,4911,AccessShareLock,t
1439879227.10895,lineitem,4315,RowExclusiveLock,t
1439879227.10895,pg_index,4925,AccessShareLock,t
1439879227.10895,pg_index,4926,AccessShareLock,t
1439879227.10895,pg_index_indexrelid_index,4925,AccessShareLock,t
1439879227.10895,pg_index_indexrelid_index,4926,AccessShareLock,t
1439879227.10895,pg_index_indrelid_index,4926,AccessShareLock,t
1439879227.10895,pg_index_indrelid_index,4925,AccessShareLock,t
1439879227.10895,pg_locks,4927,AccessShareLock,t
1439879227.10895,pg_namespace,4926,AccessShareLock,t
1439879227.10895,pg_namespace,4925,AccessShareLock,t
1439879227.10895,pg_namespace_nspname_index,4926,AccessShareLock,t
1439879227.10895,pg_namespace_nspname_index,4925,AccessShareLock,t
1439879227.10895,pg_namespace_oid_index,4925,AccessShareLock,t
1439879227.10895,pg_namespace_oid_index,4926,AccessShareLock,t
1439879227.10895,pg_stat_all_indexes,4926,AccessShareLock,t
1439879227.10895,pg_stat_all_tables,4925,AccessShareLock,t
1439879227.10895,pg_stat_database,4924,AccessShareLock,t
1439879227.10895,pg_statio_all_indexes,4926,AccessShareLock,t
1439879227.10895,pg_statio_all_tables,4925,AccessShareLock,t
1439879227.10895,pg_statistic,4926,AccessShareLock,t
1439879287.04856,lineitem,4315,RowExclusiveLock,t
1439879287.04856,pg_index,4938,AccessShareLock,t
1439879287.04856,pg_index,4940,AccessShareLock,t
1439879287.04856,pg_locks,4939,AccessShareLock,t
1439879287.04856,pg_stat_all_indexes,4938,AccessShareLock,t
1439879287.04856,pg_stat_all_tables,4940,AccessShareLock,t
1439879287.04856,pg_stat_database,4937,AccessShareLock,t
1439879287.04856,pg_statio_all_indexes,4938,AccessShareLock,t
1439879287.04856,pg_statio_all_tables,4940,AccessShareLock,t
1439879347.04941,lineitem,4315,RowExclusiveLock,t
1439879347.04941,pg_index,4952,AccessShareLock,t
1439879347.04941,pg_locks,4949,AccessShareLock,t
1439879347.04941,pg_namespace,4952,AccessShareLock,t
1439879347.04941,pg_stat_activity,4951,AccessShareLock,t
1439879347.04941,pg_stat_all_indexes,4952,AccessShareLock,t
1439879347.04941,pg_stat_all_tables,4953,AccessShareLock,t
1439879347.04941,pg_stat_database,4950,AccessShareLock,t
1439879347.04941,pg_statio_all_indexes,4952,AccessShareLock,t
1439879347.04941,pg_statio_all_tables,4953,AccessShareLock,t
1439879407.0512,lineitem,4315,RowExclusiveLock,t
1439879407.0512,pg_index,4971,AccessShareLock,t
1439879407.0512,pg_index,4972,AccessShareLock,t
1439879407.0512,pg_index_indexrelid_index,4971,AccessShareLock,t
1439879407.0512,pg_index_indrelid_index,4971,AccessShareLock,t
1439879407.0512,pg_locks,4974,AccessShareLock,t
1439879407.0512,pg_namespace,4971,AccessShareLock,t
1439879407.0512,pg_namespace,4972,AccessShareLock,t
1439879407.0512,pg_namespace_nspname_index,4971,AccessShareLock,t
1439879407.0512,pg_namespace_oid_index,4971,AccessShareLock,t
1439879407.0512,pg_opclass,4971,AccessShareLock,t
1439879407.0512,pg_stat_activity,4973,AccessShareLock,t
1439879407.0512,pg_stat_all_indexes,4972,AccessShareLock,t
1439879407.0512,pg_stat_all_tables,4971,AccessShareLock,t
1439879407.0512,pg_stat_database,4975,AccessShareLock,t
1439879407.0512,pg_statio_all_indexes,4972,AccessShareLock,t
1439879407.0512,pg_statio_all_tables,4971,AccessShareLock,t
1439879467.05302,lineitem,4315,RowExclusiveLock,t
1439879467.05302,pg_locks,4988,AccessShareLock,t
1439879467.05302,pg_stat_activity,4985,AccessShareLock,t
1439879467.05302,pg_stat_all_indexes,4989,AccessShareLock,t
1439879467.05302,pg_stat_all_tables,4986,AccessShareLock,t
1439879467.05302,pg_stat_database,4987,AccessShareLock,t
1439879467.05302,pg_statio_all_indexes,4989,AccessShareLock,t
1439879467.05302,pg_statio_all_tables,4986,AccessShareLock,t
1439879527.05503,lineitem,4315,RowExclusiveLock,t
1439879527.05503,pg_index,5001,AccessShareLock,t
1439879527.05503,pg_index,4998,AccessShareLock,t
1439879527.05503,pg_index_indexrelid_index,4998,AccessShareLock,t
1439879527.05503,pg_index_indrelid_index,4998,AccessShareLock,t
1439879527.05503,pg_locks,5000,AccessShareLock,t
1439879527.05503,pg_namespace,5001,AccessShareLock,t
1439879527.05503,pg_namespace,4998,AccessShareLock,t
1439879527.05503,pg_namespace_nspname_index,4998,AccessShareLock,t
1439879527.05503,pg_namespace_oid_index,4998,AccessShareLock,t
1439879527.05503,pg_stat_all_indexes,4998,AccessShareLock,t
1439879527.05503,pg_stat_all_tables,5001,AccessShareLock,t
1439879527.05503,pg_stat_database,5002,AccessShareLock,t
1439879527.05503,pg_statio_all_indexes,4998,AccessShareLock,t
1439879527.05503,pg_statio_all_tables,5001,AccessShareLock,t
1439879587.05618,lineitem,4315,RowExclusiveLock,t
1439879587.05618,pg_index,5013,AccessShareLock,t
1439879587.05618,pg_index,5011,AccessShareLock,t
1439879587.05618,pg_locks,5014,AccessShareLock,t
1439879587.05618,pg_namespace,5013,AccessShareLock,t
1439879587.05618,pg_namespace,5011,AccessShareLock,t
1439879587.05618,pg_stat_activity,5015,AccessShareLock,t
1439879587.05618,pg_stat_all_indexes,5011,AccessShareLock,t
1439879587.05618,pg_stat_all_tables,5013,AccessShareLock,t
1439879587.05618,pg_stat_database,5012,AccessShareLock,t
1439879587.05618,pg_statio_all_indexes,5011,AccessShareLock,t
1439879587.05618,pg_statio_all_tables,5013,AccessShareLock,t
1439879647.05801,lineitem,5029,ShareLock,t
1439879647.05801,lineitem,5030,ShareLock,t
1439879647.05801,lineitem,5031,ShareLock,t
1439879647.05801,lineitem,5028,ShareLock,t
1439879647.05801,lineitem,5027,ShareLock,t
1439879647.05801,lineitem,5032,AccessExclusiveLock,f
1439879647.05801,lineitem,5025,ShareLock,t
1439879647.05801,lineitem,5026,ShareLock,t
1439879647.05801,pg_index,5043,AccessShareLock,t
1439879647.05801,pg_index_indexrelid_index,5043,AccessShareLock,t
1439879647.05801,pg_index_indrelid_index,5043,AccessShareLock,t
1439879647.05801,pg_locks,5042,AccessShareLock,t
1439879647.05801,pg_namespace,5043,AccessShareLock,t
1439879647.05801,pg_namespace_nspname_index,5043,AccessShareLock,t
1439879647.05801,pg_namespace_oid_index,5043,AccessShareLock,t
1439879647.05801,pg_stat_all_indexes,5043,AccessShareLock,t
1439879647.05801,pg_stat_all_tables,5044,AccessShareLock,t
1439879647.05801,pg_stat_database,5041,AccessShareLock,t
1439879647.05801,pg_statio_all_indexes,5043,AccessShareLock,t
1439879647.05801,pg_statio_all_tables,5044,AccessShareLock,t
1439879647.05801,pg_statistic,5043,AccessShareLock,t
1439879647.05801,pg_statistic_relid_att_inh_index,5043,AccessShareLock,t
1439879707.05936,lineitem,5028,ShareLock,t
1439879707.05936,lineitem,5030,ShareLock,t
1439879707.05936,lineitem,5031,ShareLock,t
1439879707.05936,lineitem,5029,ShareLock,t
1439879707.05936,lineitem,5026,ShareLock,t
1439879707.05936,lineitem,5025,ShareLock,t
1439879707.05936,lineitem,5032,AccessExclusiveLock,f
1439879707.05936,lineitem,5027,ShareLock,t
1439879707.05936,pg_cast,5057,AccessShareLock,t
1439879707.05936,pg_cast_source_target_index,5057,AccessShareLock,t
1439879707.05936,pg_index,5056,AccessShareLock,t
1439879707.05936,pg_locks,5054,AccessShareLock,t
1439879707.05936,pg_stat_activity,5055,AccessShareLock,t
1439879707.05936,pg_stat_all_indexes,5056,AccessShareLock,t
1439879707.05936,pg_stat_all_tables,5057,AccessShareLock,t
1439879707.05936,pg_stat_database,5053,AccessShareLock,t
1439879707.05936,pg_statio_all_indexes,5056,AccessShareLock,t
1439879707.05936,pg_statio_all_tables,5057,AccessShareLock,t
1439879767.06215,lineitem,5028,ShareLock,t
1439879767.06215,lineitem,5030,ShareLock,t
1439879767.06215,lineitem,5031,ShareLock,t
1439879767.06215,lineitem,5029,ShareLock,t
1439879767.06215,lineitem,5026,ShareLock,t
1439879767.06215,lineitem,5025,ShareLock,t
1439879767.06215,lineitem,5032,AccessExclusiveLock,f
1439879767.06215,lineitem,5027,ShareLock,t
1439879767.06215,pg_cast,5070,AccessShareLock,t
1439879767.06215,pg_cast_source_target_index,5070,AccessShareLock,t
1439879767.06215,pg_locks,5066,AccessShareLock,t
1439879767.06215,pg_stat_activity,5067,AccessShareLock,t
1439879767.06215,pg_stat_all_indexes,5070,AccessShareLock,t
1439879767.06215,pg_stat_all_tables,5068,AccessShareLock,t
1439879767.06215,pg_stat_database,5069,AccessShareLock,t
1439879767.06215,pg_statio_all_indexes,5070,AccessShareLock,t
1439879767.06215,pg_statio_all_tables,5068,AccessShareLock,t
1439879827.12971,lineitem,5027,ShareLock,t
1439879827.12971,lineitem,5030,ShareLock,t
1439879827.12971,lineitem,5031,ShareLock,t
1439879827.12971,lineitem,5029,ShareLock,t
1439879827.12971,lineitem,5026,ShareLock,t
1439879827.12971,lineitem,5025,ShareLock,t
1439879827.12971,lineitem,5032,AccessExclusiveLock,f
1439879827.12971,lineitem,5028,ShareLock,t
1439879827.12971,pg_index,5079,AccessShareLock,t
1439879827.12971,pg_locks,5080,AccessShareLock,t
1439879827.12971,pg_stat_activity,5082,AccessShareLock,t
1439879827.12971,pg_stat_all_indexes,5081,AccessShareLock,t
1439879827.12971,pg_stat_all_tables,5079,AccessShareLock,t
1439879827.12971,pg_stat_database,5083,AccessShareLock,t
1439879827.12971,pg_statio_all_indexes,5081,AccessShareLock,t
1439879827.12971,pg_statio_all_tables,5079,AccessShareLock,t
1439879887.07661,lineitem,5027,ShareLock,t
1439879887.07661,lineitem,5030,ShareLock,t
1439879887.07661,lineitem,5032,AccessExclusiveLock,f
1439879887.07661,lineitem,5031,ShareLock,t
1439879887.07661,lineitem,5029,ShareLock,t
1439879887.07661,lineitem,5026,ShareLock,t
1439879887.07661,lineitem,5025,ShareLock,t
1439879887.07661,lineitem,5028,ShareLock,t
1439879887.07661,pg_locks,5092,AccessShareLock,t
1439879887.07661,pg_rewrite,5096,AccessShareLock,t
1439879887.07661,pg_rewrite,5094,AccessShareLock,t
1439879887.07661,pg_rewrite_rel_rulename_index,5096,AccessShareLock,t
1439879887.07661,pg_rewrite_rel_rulename_index,5094,AccessShareLock,t
1439879887.07661,pg_stat_activity,5095,AccessShareLock,t
1439879887.07661,pg_stat_all_indexes,5096,AccessShareLock,t
1439879887.07661,pg_stat_database,5093,AccessShareLock,t
1439879887.07661,pg_statio_all_tables,5094,AccessShareLock,t
1439879947.07929,lineitem,5027,ShareLock,t
1439879947.07929,lineitem,5030,ShareLock,t
1439879947.07929,lineitem,5031,ShareLock,t
1439879947.07929,lineitem,5029,ShareLock,t
1439879947.07929,lineitem,5026,ShareLock,t
1439879947.07929,lineitem,5025,ShareLock,t
1439879947.07929,lineitem,5032,AccessExclusiveLock,f
1439879947.07929,lineitem,5028,ShareLock,t
1439879947.07929,pg_index,5104,AccessShareLock,t
1439879947.07929,pg_index,5108,AccessShareLock,t
1439879947.07929,pg_locks,5106,AccessShareLock,t
1439879947.07929,pg_stat_activity,5107,AccessShareLock,t
1439879947.07929,pg_stat_all_indexes,5108,AccessShareLock,t
1439879947.07929,pg_stat_all_tables,5104,AccessShareLock,t
1439879947.07929,pg_stat_database,5105,AccessShareLock,t
1439879947.07929,pg_statio_all_indexes,5108,AccessShareLock,t
1439879947.07929,pg_statio_all_tables,5104,AccessShareLock,t
1439880007.08044,lineitem,5028,ShareLock,t
1439880007.08044,lineitem,5032,AccessExclusiveLock,f
1439880007.08044,lineitem,5027,ShareLock,t
1439880007.08044,lineitem,5030,ShareLock,t
1439880007.08044,lineitem,5031,ShareLock,t
1439880007.08044,lineitem,5029,ShareLock,t
1439880007.08044,lineitem,5026,ShareLock,t
1439880007.08044,pg_index,5124,AccessShareLock,t
1439880007.08044,pg_locks,5126,AccessShareLock,t
1439880007.08044,pg_namespace,5124,AccessShareLock,t
1439880007.08044,pg_rewrite,5127,AccessShareLock,t
1439880007.08044,pg_rewrite_rel_rulename_index,5127,AccessShareLock,t
1439880007.08044,pg_stat_activity,5125,AccessShareLock,t
1439880007.08044,pg_stat_all_indexes,5124,AccessShareLock,t
1439880007.08044,pg_stat_all_tables,5127,AccessShareLock,t
1439880007.08044,pg_stat_database,5128,AccessShareLock,t
1439880007.08044,pg_statio_all_indexes,5124,AccessShareLock,t
1439880007.08044,pg_statio_all_tables,5127,AccessShareLock,t
1439880067.08298,lineitem,5031,ShareLock,t
1439880067.08298,lineitem,5030,ShareLock,t
1439880067.08298,lineitem,5032,AccessExclusiveLock,f
1439880067.08298,lineitem,5027,ShareLock,t
1439880067.08298,lineitem,5029,ShareLock,t
1439880067.08298,lineitem,5026,ShareLock,t
1439880067.08298,pg_locks,5139,AccessShareLock,t
1439880067.08298,pg_rewrite,5141,AccessShareLock,t
1439880067.08298,pg_rewrite,5140,AccessShareLock,t
1439880067.08298,pg_rewrite_rel_rulename_index,5141,AccessShareLock,t
1439880067.08298,pg_rewrite_rel_rulename_index,5140,AccessShareLock,t
1439880067.08298,pg_stat_all_indexes,5140,AccessShareLock,t
1439880067.08298,pg_stat_all_tables,5141,AccessShareLock,t
1439880067.08298,pg_stat_database,5138,AccessShareLock,t
1439880067.08298,pg_statio_all_indexes,5140,AccessShareLock,t
1439880067.08298,pg_statio_all_tables,5141,AccessShareLock,t
1439880127.08466,lineitem,5027,ShareLock,t
1439880127.08466,lineitem,5029,ShareLock,t
1439880127.08466,lineitem,5026,ShareLock,t
1439880127.08466,lineitem,5032,AccessExclusiveLock,f
1439880127.08466,lineitem,5030,ShareLock,t
1439880127.08466,lineitem,5031,ShareLock,t
1439880127.08466,pg_index,5153,AccessShareLock,t
1439880127.08466,pg_index,5152,AccessShareLock,t
1439880127.08466,pg_index,5154,AccessShareLock,t
1439880127.08466,pg_index_indrelid_index,5154,AccessShareLock,t
1439880127.08466,pg_locks,5155,AccessShareLock,t
1439880127.08466,pg_namespace,5152,AccessShareLock,t
1439880127.08466,pg_stat_activity,5151,AccessShareLock,t
1439880127.08466,pg_stat_all_indexes,5152,AccessShareLock,t
1439880127.08466,pg_stat_all_tables,5153,AccessShareLock,t
1439880127.08466,pg_stat_database,5154,AccessShareLock,t
1439880127.08466,pg_statio_all_indexes,5152,AccessShareLock,t
1439880127.08466,pg_statio_all_tables,5153,AccessShareLock,t
1439880187.08654,lineitem,5032,AccessExclusiveLock,f
1439880187.08654,lineitem,5030,ShareLock,t
1439880187.08654,lineitem,5031,ShareLock,t
1439880187.08654,lineitem,5029,ShareLock,t
1439880187.08654,lineitem,5026,ShareLock,t
1439880187.08654,lineitem,5027,ShareLock,t
1439880187.08654,pg_amproc,5167,AccessShareLock,t
1439880187.08654,pg_amproc_fam_proc_index,5167,AccessShareLock,t
1439880187.08654,pg_index,5164,AccessShareLock,t
1439880187.08654,pg_index,5168,AccessShareLock,t
1439880187.08654,pg_index_indexrelid_index,5164,AccessShareLock,t
1439880187.08654,pg_index_indrelid_index,5164,AccessShareLock,t
1439880187.08654,pg_locks,5165,AccessShareLock,t
1439880187.08654,pg_namespace,5164,AccessShareLock,t
1439880187.08654,pg_namespace_nspname_index,5164,AccessShareLock,t
1439880187.08654,pg_namespace_oid_index,5164,AccessShareLock,t
1439880187.08654,pg_stat_activity,5167,AccessShareLock,t
1439880187.08654,pg_stat_all_indexes,5168,AccessShareLock,t
1439880187.08654,pg_stat_all_tables,5164,AccessShareLock,t
1439880187.08654,pg_stat_database,5166,AccessShareLock,t
1439880187.08654,pg_statio_all_indexes,5168,AccessShareLock,t
1439880187.08654,pg_statio_all_tables,5164,AccessShareLock,t
1439880247.08768,lineitem,5031,ShareLock,t
1439880247.08768,lineitem,5032,AccessExclusiveLock,f
1439880247.08768,lineitem,5030,ShareLock,t
1439880247.08768,lineitem,5027,ShareLock,t
1439880247.08768,lineitem,5029,ShareLock,t
1439880247.08768,lineitem,5026,ShareLock,t
1439880247.08768,pg_cast,5180,AccessShareLock,t
1439880247.08768,pg_cast_source_target_index,5180,AccessShareLock,t
1439880247.08768,pg_locks,5178,AccessShareLock,t
1439880247.08768,pg_rewrite,5179,AccessShareLock,t
1439880247.08768,pg_rewrite_rel_rulename_index,5179,AccessShareLock,t
1439880247.08768,pg_stat_activity,5181,AccessShareLock,t
1439880247.08768,pg_stat_all_indexes,5180,AccessShareLock,t
1439880247.08768,pg_stat_all_tables,5179,AccessShareLock,t
1439880247.08768,pg_stat_database,5177,AccessShareLock,t
1439880247.08768,pg_statio_all_indexes,5180,AccessShareLock,t
1439880247.08768,pg_statio_all_tables,5179,AccessShareLock,t
1439880307.08953,lineitem,5032,AccessExclusiveLock,f
1439880307.08953,lineitem,5030,ShareLock,t
1439880307.08953,lineitem,5031,ShareLock,t
1439880307.08953,lineitem,5029,ShareLock,t
1439880307.08953,lineitem,5026,ShareLock,t
1439880307.08953,pg_index,5194,AccessShareLock,t
1439880307.08953,pg_locks,5191,AccessShareLock,t
1439880307.08953,pg_stat_activity,5190,AccessShareLock,t
1439880307.08953,pg_stat_all_indexes,5194,AccessShareLock,t
1439880307.08953,pg_stat_all_tables,5193,AccessShareLock,t
1439880307.08953,pg_stat_database,5192,AccessShareLock,t
1439880307.08953,pg_statio_all_indexes,5194,AccessShareLock,t
1439880307.08953,pg_statio_all_tables,5193,AccessShareLock,t
1439880367.09057,lineitem,5026,ShareLock,t
1439880367.09057,lineitem,5031,ShareLock,t
1439880367.09057,lineitem,5029,ShareLock,t
1439880367.09057,lineitem,5032,AccessExclusiveLock,f
1439880367.09057,lineitem,5030,ShareLock,t
1439880367.09057,pg_locks,5203,AccessShareLock,t
1439880367.09057,pg_operator,5207,AccessShareLock,t
1439880367.09057,pg_operator_oid_index,5207,AccessShareLock,t
1439880367.09057,pg_rewrite,5205,AccessShareLock,t
1439880367.09057,pg_rewrite_rel_rulename_index,5205,AccessShareLock,t
1439880367.09057,pg_stat_activity,5204,AccessShareLock,t
1439880367.09057,pg_stat_all_indexes,5207,AccessShareLock,t
1439880367.09057,pg_stat_all_tables,5205,AccessShareLock,t
1439880367.09057,pg_stat_database,5206,AccessShareLock,t
1439880367.09057,pg_statio_all_indexes,5207,AccessShareLock,t
1439880367.09057,pg_statio_all_tables,5205,AccessShareLock,t
1439880427.09279,lineitem,5030,ShareLock,t
1439880427.09279,lineitem,5029,ShareLock,t
1439880427.09279,lineitem,5031,ShareLock,t
1439880427.09279,lineitem,5032,AccessExclusiveLock,f
1439880427.09279,pg_index,5218,AccessShareLock,t
1439880427.09279,pg_locks,5217,AccessShareLock,t
1439880427.09279,pg_rewrite,5221,AccessShareLock,t
1439880427.09279,pg_rewrite_rel_rulename_index,5221,AccessShareLock,t
1439880427.09279,pg_stat_activity,5220,AccessShareLock,t
1439880427.09279,pg_stat_all_indexes,5221,AccessShareLock,t
1439880427.09279,pg_stat_all_tables,5218,AccessShareLock,t
1439880427.09279,pg_stat_database,5219,AccessShareLock,t
1439880427.09279,pg_statio_all_tables,5218,AccessShareLock,t
1439880487.09665,lineitem,5032,AccessExclusiveLock,f
1439880487.09665,lineitem,5030,ShareLock,t
1439880487.09665,lineitem,5031,ShareLock,t
1439880487.09665,lineitem,5029,ShareLock,t
1439880487.09665,pg_index,5232,AccessShareLock,t
1439880487.09665,pg_index,5231,AccessShareLock,t
1439880487.09665,pg_locks,5234,AccessShareLock,t
1439880487.09665,pg_namespace,5232,AccessShareLock,t
1439880487.09665,pg_namespace,5231,AccessShareLock,t
1439880487.09665,pg_stat_activity,5233,AccessShareLock,t
1439880487.09665,pg_stat_all_indexes,5232,AccessShareLock,t
1439880487.09665,pg_stat_all_tables,5231,AccessShareLock,t
1439880487.09665,pg_stat_database,5230,AccessShareLock,t
1439880487.09665,pg_statio_all_indexes,5232,AccessShareLock,t
1439880487.09665,pg_statio_all_tables,5231,AccessShareLock,t
1439880547.09812,lineitem,5032,AccessExclusiveLock,f
1439880547.09812,lineitem,5030,ShareLock,t
1439880547.09812,lineitem,5029,ShareLock,t
1439880547.09812,pg_index,5245,AccessShareLock,t
1439880547.09812,pg_index,5247,AccessShareLock,t
1439880547.09812,pg_locks,5246,AccessShareLock,t
1439880547.09812,pg_namespace,5245,AccessShareLock,t
1439880547.09812,pg_stat_activity,5243,AccessShareLock,t
1439880547.09812,pg_stat_all_indexes,5245,AccessShareLock,t
1439880547.09812,pg_stat_all_tables,5247,AccessShareLock,t
1439880547.09812,pg_stat_database,5244,AccessShareLock,t
1439880547.09812,pg_statio_all_indexes,5245,AccessShareLock,t
1439880547.09812,pg_statio_all_tables,5247,AccessShareLock,t
1439880607.09901,lineitem,5032,AccessExclusiveLock,f
1439880607.09901,lineitem,5030,ShareLock,t
1439880607.09901,lineitem,5029,ShareLock,t
1439880607.09901,pg_index,5264,AccessShareLock,t
1439880607.09901,pg_locks,5263,AccessShareLock,t
1439880607.09901,pg_stat_activity,5266,AccessShareLock,t
1439880607.09901,pg_stat_all_indexes,5267,AccessShareLock,t
1439880607.09901,pg_stat_all_tables,5264,AccessShareLock,t
1439880607.09901,pg_stat_database,5265,AccessShareLock,t
1439880607.09901,pg_statio_all_indexes,5267,AccessShareLock,t
1439880607.09901,pg_statio_all_tables,5264,AccessShareLock,t
1439880667.10125,lineitem,5032,AccessExclusiveLock,f
1439880667.10125,lineitem,5030,ShareLock,t
1439880667.10125,lineitem,5029,ShareLock,t
1439880667.10125,pg_index,5278,AccessShareLock,t
1439880667.10125,pg_locks,5277,AccessShareLock,t
1439880667.10125,pg_namespace,5278,AccessShareLock,t
1439880667.10125,pg_stat_activity,5276,AccessShareLock,t
1439880667.10125,pg_stat_all_indexes,5278,AccessShareLock,t
1439880667.10125,pg_stat_all_tables,5279,AccessShareLock,t
1439880667.10125,pg_stat_database,5280,AccessShareLock,t
1439880667.10125,pg_statio_all_indexes,5278,AccessShareLock,t
1439880667.10125,pg_statio_all_tables,5279,AccessShareLock,t
1439880727.10324,lineitem,5032,AccessExclusiveLock,f
1439880727.10324,lineitem,5030,ShareLock,t
1439880727.10324,lineitem,5029,ShareLock,t
1439880727.10324,pg_index,5293,AccessShareLock,t
1439880727.10324,pg_index,5289,AccessShareLock,t
1439880727.10324,pg_locks,5290,AccessShareLock,t
1439880727.10324,pg_namespace,5293,AccessShareLock,t
1439880727.10324,pg_namespace,5289,AccessShareLock,t
1439880727.10324,pg_stat_activity,5291,AccessShareLock,t
1439880727.10324,pg_stat_all_indexes,5293,AccessShareLock,t
1439880727.10324,pg_stat_all_tables,5289,AccessShareLock,t
1439880727.10324,pg_stat_database,5292,AccessShareLock,t
1439880727.10324,pg_statio_all_indexes,5293,AccessShareLock,t
1439880727.10324,pg_statio_all_tables,5289,AccessShareLock,t
1439880787.10484,lineitem,5032,AccessExclusiveLock,f
1439880787.10484,lineitem,5030,ShareLock,t
1439880787.10484,lineitem,5029,ShareLock,t
1439880787.10484,pg_index,5305,AccessShareLock,t
1439880787.10484,pg_index,5306,AccessShareLock,t
1439880787.10484,pg_locks,5304,AccessShareLock,t
1439880787.10484,pg_stat_activity,5302,AccessShareLock,t
1439880787.10484,pg_stat_all_indexes,5306,AccessShareLock,t
1439880787.10484,pg_stat_all_tables,5305,AccessShareLock,t
1439880787.10484,pg_stat_database,5303,AccessShareLock,t
1439880787.10484,pg_statio_all_indexes,5306,AccessShareLock,t
1439880787.10484,pg_statio_all_tables,5305,AccessShareLock,t
1439880847.1065,lineitem,5032,AccessExclusiveLock,f
1439880847.1065,lineitem,5030,ShareLock,t
1439880847.1065,lineitem,5029,ShareLock,t
1439880847.1065,pg_index,5315,AccessShareLock,t
1439880847.1065,pg_locks,5319,AccessShareLock,t
1439880847.1065,pg_namespace,5315,AccessShareLock,t
1439880847.1065,pg_stat_activity,5316,AccessShareLock,t
1439880847.1065,pg_stat_all_indexes,5318,AccessShareLock,t
1439880847.1065,pg_stat_all_tables,5315,AccessShareLock,t
1439880847.1065,pg_stat_database,5317,AccessShareLock,t
1439880847.1065,pg_statio_all_tables,5315,AccessShareLock,t
1439880907.10755,lineitem,5032,AccessExclusiveLock,f
1439880907.10755,lineitem,5030,ShareLock,t
1439880907.10755,lineitem,5029,ShareLock,t
1439880907.10755,pg_index,5329,AccessShareLock,t
1439880907.10755,pg_locks,5328,AccessShareLock,t
1439880907.10755,pg_namespace,5329,AccessShareLock,t
1439880907.10755,pg_stat_activity,5332,AccessShareLock,t
1439880907.10755,pg_stat_all_indexes,5329,AccessShareLock,t
1439880907.10755,pg_stat_all_tables,5331,AccessShareLock,t
1439880907.10755,pg_stat_database,5330,AccessShareLock,t
1439880907.10755,pg_statio_all_indexes,5329,AccessShareLock,t
1439880907.10755,pg_statio_all_tables,5331,AccessShareLock,t
1439880907.10755,pg_statistic,5330,AccessShareLock,t
1439880907.10755,pg_statistic_relid_att_inh_index,5330,AccessShareLock,t
1439880967.10945,lineitem,5032,AccessExclusiveLock,f
1439880967.10945,lineitem,5030,ShareLock,t
1439880967.10945,lineitem,5029,ShareLock,t
1439880967.10945,pg_index,5343,AccessShareLock,t
1439880967.10945,pg_index,5345,AccessShareLock,t
1439880967.10945,pg_locks,5341,AccessShareLock,t
1439880967.10945,pg_namespace,5343,AccessShareLock,t
1439880967.10945,pg_stat_activity,5344,AccessShareLock,t
1439880967.10945,pg_stat_all_indexes,5343,AccessShareLock,t
1439880967.10945,pg_stat_all_tables,5345,AccessShareLock,t
1439880967.10945,pg_stat_database,5342,AccessShareLock,t
1439880967.10945,pg_statio_all_indexes,5343,AccessShareLock,t
1439880967.10945,pg_statio_all_tables,5345,AccessShareLock,t
1439881027.11109,lineitem,5032,AccessExclusiveLock,f
1439881027.11109,lineitem,5030,ShareLock,t
1439881027.11109,lineitem,5029,ShareLock,t
1439881027.11109,pg_index,5358,AccessShareLock,t
1439881027.11109,pg_locks,5354,AccessShareLock,t
1439881027.11109,pg_namespace,5358,AccessShareLock,t
1439881027.11109,pg_stat_activity,5356,AccessShareLock,t
1439881027.11109,pg_stat_all_indexes,5358,AccessShareLock,t
1439881027.11109,pg_stat_all_tables,5357,AccessShareLock,t
1439881027.11109,pg_stat_database,5355,AccessShareLock,t
1439881027.11109,pg_statio_all_indexes,5358,AccessShareLock,t
1439881027.11109,pg_statio_all_tables,5357,AccessShareLock,t
1439881087.11282,lineitem,5029,ShareLock,t
1439881087.11282,lineitem,5032,AccessExclusiveLock,f
1439881087.11282,lineitem,5030,ShareLock,t
1439881087.11282,pg_locks,5367,AccessShareLock,t
1439881087.11282,pg_rewrite,5368,AccessShareLock,t
1439881087.11282,pg_rewrite,5370,AccessShareLock,t
1439881087.11282,pg_rewrite_rel_rulename_index,5370,AccessShareLock,t
1439881087.11282,pg_rewrite_rel_rulename_index,5368,AccessShareLock,t
1439881087.11282,pg_stat_activity,5371,AccessShareLock,t
1439881087.11282,pg_stat_all_indexes,5370,AccessShareLock,t
1439881087.11282,pg_stat_all_tables,5368,AccessShareLock,t
1439881087.11282,pg_stat_database,5369,AccessShareLock,t
1439881087.11282,pg_statio_all_indexes,5370,AccessShareLock,t
1439881087.11282,pg_statio_all_tables,5368,AccessShareLock,t
1439881147.11501,lineitem,5032,AccessExclusiveLock,f
1439881147.11501,lineitem,5030,ShareLock,t
1439881147.11501,lineitem,5029,ShareLock,t
1439881147.11501,pg_locks,5381,AccessShareLock,t
1439881147.11501,pg_rewrite,5382,AccessShareLock,t
1439881147.11501,pg_rewrite_rel_rulename_index,5382,AccessShareLock,t
1439881147.11501,pg_stat_activity,5380,AccessShareLock,t
1439881147.11501,pg_stat_all_indexes,5382,AccessShareLock,t
1439881147.11501,pg_stat_all_tables,5384,AccessShareLock,t
1439881147.11501,pg_stat_database,5383,AccessShareLock,t
1439881147.11501,pg_statio_all_indexes,5382,AccessShareLock,t
1439881147.11501,pg_statio_all_tables,5384,AccessShareLock,t
1439881207.11718,lineitem,5032,AccessExclusiveLock,f
1439881207.11718,lineitem,5030,ShareLock,t
1439881207.11718,lineitem,5029,ShareLock,t
1439881207.11718,pg_amproc,5401,AccessShareLock,t
1439881207.11718,pg_locks,5400,AccessShareLock,t
1439881207.11718,pg_rewrite,5403,AccessShareLock,t
1439881207.11718,pg_rewrite_rel_rulename_index,5403,AccessShareLock,t
1439881207.11718,pg_stat_activity,5401,AccessShareLock,t
1439881207.11718,pg_stat_all_indexes,5402,AccessShareLock,t
1439881207.11718,pg_stat_all_tables,5403,AccessShareLock,t
1439881207.11718,pg_stat_database,5404,AccessShareLock,t
1439881207.11718,pg_statio_all_indexes,5402,AccessShareLock,t
1439881207.11718,pg_statio_all_tables,5403,AccessShareLock,t
1439881267.11883,lineitem,5032,AccessExclusiveLock,f
1439881267.11883,lineitem,5030,ShareLock,t
1439881267.11883,lineitem,5029,ShareLock,t
1439881267.11883,pg_amproc,5433,AccessShareLock,t
1439881267.11883,pg_amproc_fam_proc_index,5433,AccessShareLock,t
1439881267.11883,pg_locks,5434,AccessShareLock,t
1439881267.11883,pg_rewrite,5437,AccessShareLock,t
1439881267.11883,pg_rewrite_rel_rulename_index,5437,AccessShareLock,t
1439881267.11883,pg_stat_activity,5433,AccessShareLock,t
1439881267.11883,pg_stat_all_indexes,5437,AccessShareLock,t
1439881267.11883,pg_stat_all_tables,5436,AccessShareLock,t
1439881267.11883,pg_stat_database,5435,AccessShareLock,t
1439881267.11883,pg_statio_all_tables,5436,AccessShareLock,t
1439881327.12172,lineitem,5032,AccessExclusiveLock,f
1439881327.12172,lineitem,5029,ShareLock,t
1439881327.12172,lineitem,5030,ShareLock,t
1439881327.12172,pg_amop,5447,AccessShareLock,t
1439881327.12172,pg_amop_opr_fam_index,5447,AccessShareLock,t
1439881327.12172,pg_index,5447,AccessShareLock,t
1439881327.12172,pg_locks,5449,AccessShareLock,t
1439881327.12172,pg_namespace,5447,AccessShareLock,t
1439881327.12172,pg_rewrite,5448,AccessShareLock,t
1439881327.12172,pg_rewrite_rel_rulename_index,5448,AccessShareLock,t
1439881327.12172,pg_stat_activity,5446,AccessShareLock,t
1439881327.12172,pg_stat_all_indexes,5448,AccessShareLock,t
1439881327.12172,pg_stat_all_tables,5447,AccessShareLock,t
1439881327.12172,pg_stat_database,5450,AccessShareLock,t
1439881327.12172,pg_statio_all_indexes,5448,AccessShareLock,t
1439881327.12172,pg_statio_all_tables,5447,AccessShareLock,t
1439881387.12255,lineitem,5032,AccessExclusiveLock,f
1439881387.12255,lineitem,5030,ShareLock,t
1439881387.12255,lineitem,5029,ShareLock,t
1439881387.12255,pg_amproc,5459,AccessShareLock,t
1439881387.12255,pg_amproc_fam_proc_index,5459,AccessShareLock,t
1439881387.12255,pg_locks,5460,AccessShareLock,t
1439881387.12255,pg_rewrite,5463,AccessShareLock,t
1439881387.12255,pg_rewrite_rel_rulename_index,5463,AccessShareLock,t
1439881387.12255,pg_stat_activity,5459,AccessShareLock,t
1439881387.12255,pg_stat_all_indexes,5462,AccessShareLock,t
1439881387.12255,pg_stat_all_tables,5463,AccessShareLock,t
1439881387.12255,pg_stat_database,5461,AccessShareLock,t
1439881387.12255,pg_statio_all_indexes,5462,AccessShareLock,t
1439881387.12255,pg_statio_all_tables,5463,AccessShareLock,t
1439881447.12579,lineitem,5032,AccessExclusiveLock,f
1439881447.12579,lineitem,5030,ShareLock,t
1439881447.12579,lineitem,5029,ShareLock,t
1439881447.12579,pg_index,5475,AccessShareLock,t
1439881447.12579,pg_index,5473,AccessShareLock,t
1439881447.12579,pg_locks,5476,AccessShareLock,t
1439881447.12579,pg_namespace,5473,AccessShareLock,t
1439881447.12579,pg_stat_activity,5474,AccessShareLock,t
1439881447.12579,pg_stat_all_indexes,5475,AccessShareLock,t
1439881447.12579,pg_stat_all_tables,5473,AccessShareLock,t
1439881447.12579,pg_stat_database,5472,AccessShareLock,t
1439881447.12579,pg_statio_all_indexes,5475,AccessShareLock,t
1439881447.12579,pg_statio_all_tables,5473,AccessShareLock,t
1439881507.127,lineitem,5032,AccessExclusiveLock,f
1439881507.127,lineitem,5029,ShareLock,t
1439881507.127,pg_index,5485,AccessShareLock,t
1439881507.127,pg_index,5488,AccessShareLock,t
1439881507.127,pg_locks,5487,AccessShareLock,t
1439881507.127,pg_namespace,5485,AccessShareLock,t
1439881507.127,pg_namespace,5488,AccessShareLock,t
1439881507.127,pg_stat_activity,5486,AccessShareLock,t
1439881507.127,pg_stat_all_indexes,5488,AccessShareLock,t
1439881507.127,pg_stat_all_tables,5485,AccessShareLock,t
1439881507.127,pg_stat_database,5489,AccessShareLock,t
1439881507.127,pg_statio_all_indexes,5488,AccessShareLock,t
1439881507.127,pg_statio_all_tables,5485,AccessShareLock,t
1439881567.12853,lineitem,5032,AccessExclusiveLock,f
1439881567.12853,lineitem,5029,ShareLock,t
1439881567.12853,pg_index,5500,AccessShareLock,t
1439881567.12853,pg_index,5502,AccessShareLock,t
1439881567.12853,pg_locks,5498,AccessShareLock,t
1439881567.12853,pg_stat_activity,5501,AccessShareLock,t
1439881567.12853,pg_stat_all_indexes,5502,AccessShareLock,t
1439881567.12853,pg_stat_all_tables,5500,AccessShareLock,t
1439881567.12853,pg_stat_database,5499,AccessShareLock,t
1439881567.12853,pg_statio_all_indexes,5502,AccessShareLock,t
1439881567.12853,pg_statio_all_tables,5500,AccessShareLock,t
1439881627.13022,lineitem,5032,AccessExclusiveLock,f
1439881627.13022,lineitem,5029,ShareLock,t
1439881627.13022,pg_index,5516,AccessShareLock,t
1439881627.13022,pg_locks,5512,AccessShareLock,t
1439881627.13022,pg_stat_activity,5513,AccessShareLock,t
1439881627.13022,pg_stat_all_indexes,5516,AccessShareLock,t
1439881627.13022,pg_stat_all_tables,5515,AccessShareLock,t
1439881627.13022,pg_stat_database,5514,AccessShareLock,t
1439881627.13022,pg_statio_all_indexes,5516,AccessShareLock,t
1439881627.13022,pg_statio_all_tables,5515,AccessShareLock,t
1439881687.13146,lineitem,5032,AccessExclusiveLock,f
1439881687.13146,lineitem,5029,ShareLock,t
1439881687.13146,pg_index,5525,AccessShareLock,t
1439881687.13146,pg_locks,5526,AccessShareLock,t
1439881687.13146,pg_stat_activity,5528,AccessShareLock,t
1439881687.13146,pg_stat_all_indexes,5529,AccessShareLock,t
1439881687.13146,pg_stat_all_tables,5525,AccessShareLock,t
1439881687.13146,pg_stat_database,5527,AccessShareLock,t
1439881687.13146,pg_statio_all_indexes,5529,AccessShareLock,t
1439881687.13146,pg_statio_all_tables,5525,AccessShareLock,t
1439881747.13306,lineitem,5032,AccessExclusiveLock,f
1439881747.13306,lineitem,5029,ShareLock,t
1439881747.13306,pg_cast,5540,AccessShareLock,t
1439881747.13306,pg_cast_source_target_index,5540,AccessShareLock,t
1439881747.13306,pg_locks,5538,AccessShareLock,t
1439881747.13306,pg_rewrite,5541,AccessShareLock,t
1439881747.13306,pg_rewrite,5542,AccessShareLock,t
1439881747.13306,pg_rewrite_rel_rulename_index,5542,AccessShareLock,t
1439881747.13306,pg_rewrite_rel_rulename_index,5541,AccessShareLock,t
1439881747.13306,pg_stat_activity,5539,AccessShareLock,t
1439881747.13306,pg_stat_all_indexes,5542,AccessShareLock,t
1439881747.13306,pg_stat_database,5540,AccessShareLock,t
1439881747.13306,pg_statio_all_tables,5541,AccessShareLock,t
1439881807.13558,lineitem,5032,AccessExclusiveLock,f
1439881807.13558,lineitem,5029,ShareLock,t
1439881807.13558,pg_index,5561,AccessShareLock,t
1439881807.13558,pg_index,5560,AccessShareLock,t
1439881807.13558,pg_locks,5559,AccessShareLock,t
1439881807.13558,pg_namespace,5560,AccessShareLock,t
1439881807.13558,pg_stat_activity,5562,AccessShareLock,t
1439881807.13558,pg_stat_all_indexes,5561,AccessShareLock,t
1439881807.13558,pg_stat_all_tables,5560,AccessShareLock,t
1439881807.13558,pg_stat_database,5558,AccessShareLock,t
1439881807.13558,pg_statio_all_indexes,5561,AccessShareLock,t
1439881807.13558,pg_statio_all_tables,5560,AccessShareLock,t
1439881867.13769,lineitem,5032,AccessExclusiveLock,f
1439881867.13769,lineitem,5029,ShareLock,t
1439881867.13769,pg_index,5574,AccessShareLock,t
1439881867.13769,pg_locks,5575,AccessShareLock,t
1439881867.13769,pg_namespace,5574,AccessShareLock,t
1439881867.13769,pg_stat_activity,5576,AccessShareLock,t
1439881867.13769,pg_stat_all_indexes,5574,AccessShareLock,t
1439881867.13769,pg_stat_all_tables,5577,AccessShareLock,t
1439881867.13769,pg_stat_database,5578,AccessShareLock,t
1439881867.13769,pg_statio_all_indexes,5574,AccessShareLock,t
1439881867.13769,pg_statio_all_tables,5577,AccessShareLock,t
1439881927.13922,lineitem,5032,AccessExclusiveLock,f
1439881927.13922,lineitem,5029,ShareLock,t
1439881927.13922,pg_index,5591,AccessShareLock,t
1439881927.13922,pg_index,5590,AccessShareLock,t
1439881927.13922,pg_locks,5589,AccessShareLock,t
1439881927.13922,pg_namespace,5591,AccessShareLock,t
1439881927.13922,pg_stat_activity,5588,AccessShareLock,t
1439881927.13922,pg_stat_all_indexes,5591,AccessShareLock,t
1439881927.13922,pg_stat_all_tables,5590,AccessShareLock,t
1439881927.13922,pg_stat_database,5587,AccessShareLock,t
1439881927.13922,pg_statio_all_indexes,5591,AccessShareLock,t
1439881927.13922,pg_statio_all_tables,5590,AccessShareLock,t
1439881987.14101,lineitem,5032,AccessExclusiveLock,f
1439881987.14101,lineitem,5029,ShareLock,t
1439881987.14101,pg_index,5604,AccessShareLock,t
1439881987.14101,pg_index,5605,AccessShareLock,t
1439881987.14101,pg_locks,5602,AccessShareLock,t
1439881987.14101,pg_namespace,5605,AccessShareLock,t
1439881987.14101,pg_stat_all_indexes,5605,AccessShareLock,t
1439881987.14101,pg_stat_all_tables,5604,AccessShareLock,t
1439881987.14101,pg_stat_database,5603,AccessShareLock,t
1439881987.14101,pg_statio_all_indexes,5605,AccessShareLock,t
1439881987.14101,pg_statio_all_tables,5604,AccessShareLock,t
1439882047.14261,lineitem,5032,AccessExclusiveLock,f
1439882047.14261,lineitem,5029,ShareLock,t
1439882047.14261,pg_locks,5616,AccessShareLock,t
1439882047.14261,pg_rewrite,5619,AccessShareLock,t
1439882047.14261,pg_rewrite_rel_rulename_index,5619,AccessShareLock,t
1439882047.14261,pg_stat_activity,5615,AccessShareLock,t
1439882047.14261,pg_stat_all_indexes,5619,AccessShareLock,t
1439882047.14261,pg_stat_all_tables,5617,AccessShareLock,t
1439882047.14261,pg_stat_database,5618,AccessShareLock,t
1439882047.14261,pg_statio_all_indexes,5619,AccessShareLock,t
1439882047.14261,pg_statio_all_tables,5617,AccessShareLock,t
1439882107.14559,lineitem,5032,AccessExclusiveLock,f
1439882107.14559,lineitem,5029,ShareLock,t
1439882107.14559,pg_index,5632,AccessShareLock,t
1439882107.14559,pg_index,5631,AccessShareLock,t
1439882107.14559,pg_locks,5628,AccessShareLock,t
1439882107.14559,pg_namespace,5631,AccessShareLock,t
1439882107.14559,pg_stat_activity,5629,AccessShareLock,t
1439882107.14559,pg_stat_all_indexes,5631,AccessShareLock,t
1439882107.14559,pg_stat_all_tables,5632,AccessShareLock,t
1439882107.14559,pg_stat_database,5630,AccessShareLock,t
1439882107.14559,pg_statio_all_indexes,5631,AccessShareLock,t
1439882107.14559,pg_statio_all_tables,5632,AccessShareLock,t
1439882167.14605,lineitem,5029,ShareLock,t
1439882167.14605,lineitem,5032,AccessExclusiveLock,f
1439882167.14605,pg_locks,5642,AccessShareLock,t
1439882167.14605,pg_rewrite,5644,AccessShareLock,t
1439882167.14605,pg_rewrite,5645,AccessShareLock,t
1439882167.14605,pg_rewrite_rel_rulename_index,5645,AccessShareLock,t
1439882167.14605,pg_rewrite_rel_rulename_index,5644,AccessShareLock,t
1439882167.14605,pg_stat_activity,5641,AccessShareLock,t
1439882167.14605,pg_stat_all_indexes,5645,AccessShareLock,t
1439882167.14605,pg_stat_database,5643,AccessShareLock,t
1439882167.14605,pg_statio_all_tables,5644,AccessShareLock,t
1439882227.14796,lineitem,5032,AccessExclusiveLock,f
1439882227.14796,lineitem,5029,ShareLock,t
1439882227.14796,pg_cast,5656,AccessShareLock,t
1439882227.14796,pg_cast_source_target_index,5656,AccessShareLock,t
1439882227.14796,pg_locks,5655,AccessShareLock,t
1439882227.14796,pg_rewrite,5658,AccessShareLock,t
1439882227.14796,pg_rewrite,5657,AccessShareLock,t
1439882227.14796,pg_rewrite_rel_rulename_index,5657,AccessShareLock,t
1439882227.14796,pg_rewrite_rel_rulename_index,5658,AccessShareLock,t
1439882227.14796,pg_stat_activity,5654,AccessShareLock,t
1439882227.14796,pg_stat_all_indexes,5658,AccessShareLock,t
1439882227.14796,pg_stat_database,5656,AccessShareLock,t
1439882227.14796,pg_statio_all_tables,5657,AccessShareLock,t
1439882287.15054,lineitem,5029,ShareLock,t
1439882287.15054,lineitem,5032,AccessExclusiveLock,f
1439882287.15054,pg_index,5672,AccessShareLock,t
1439882287.15054,pg_locks,5669,AccessShareLock,t
1439882287.15054,pg_stat_activity,5670,AccessShareLock,t
1439882287.15054,pg_stat_all_indexes,5672,AccessShareLock,t
1439882287.15054,pg_stat_all_tables,5673,AccessShareLock,t
1439882287.15054,pg_stat_database,5671,AccessShareLock,t
1439882287.15054,pg_statio_all_indexes,5672,AccessShareLock,t
1439882287.15054,pg_statio_all_tables,5673,AccessShareLock,t
1439882287.15054,pg_statistic,5670,AccessShareLock,t
1439882287.15054,pg_statistic_relid_att_inh_index,5670,AccessShareLock,t
1439882347.15262,lineitem,5032,AccessExclusiveLock,t
1439882347.15262,lineitem,5032,ShareLock,t
1439882347.15262,pg_index,5687,AccessShareLock,t
1439882347.15262,pg_locks,5685,AccessShareLock,t
1439882347.15262,pg_namespace,5687,AccessShareLock,t
1439882347.15262,pg_stat_activity,5684,AccessShareLock,t
1439882347.15262,pg_stat_all_indexes,5687,AccessShareLock,t
1439882347.15262,pg_stat_all_tables,5686,AccessShareLock,t
1439882347.15262,pg_stat_database,5683,AccessShareLock,t
1439882347.15262,pg_statio_all_indexes,5687,AccessShareLock,t
1439882347.15262,pg_statio_all_tables,5686,AccessShareLock,t
1439882407.15402,lineitem,5032,AccessExclusiveLock,t
1439882407.15402,lineitem,5032,ShareLock,t
1439882407.15402,pg_amproc,5706,AccessShareLock,t
1439882407.15402,pg_amproc_fam_proc_index,5706,AccessShareLock,t
1439882407.15402,pg_index,5707,AccessShareLock,t
1439882407.15402,pg_index,5703,AccessShareLock,t
1439882407.15402,pg_locks,5705,AccessShareLock,t
1439882407.15402,pg_namespace,5707,AccessShareLock,t
1439882407.15402,pg_stat_activity,5706,AccessShareLock,t
1439882407.15402,pg_stat_all_indexes,5707,AccessShareLock,t
1439882407.15402,pg_stat_all_tables,5703,AccessShareLock,t
1439882407.15402,pg_stat_database,5704,AccessShareLock,t
1439882407.15402,pg_statio_all_indexes,5707,AccessShareLock,t
1439882407.15402,pg_statio_all_tables,5703,AccessShareLock,t
1439882467.15627,lineitem,5032,AccessExclusiveLock,t
1439882467.15627,lineitem,5032,ShareLock,t
1439882467.15627,pg_amproc,5717,AccessShareLock,t
1439882467.15627,pg_amproc_fam_proc_index,5717,AccessShareLock,t
1439882467.15627,pg_index,5719,AccessShareLock,t
1439882467.15627,pg_locks,5720,AccessShareLock,t
1439882467.15627,pg_namespace,5719,AccessShareLock,t
1439882467.15627,pg_rewrite,5718,AccessShareLock,t
1439882467.15627,pg_rewrite_rel_rulename_index,5718,AccessShareLock,t
1439882467.15627,pg_stat_activity,5717,AccessShareLock,t
1439882467.15627,pg_stat_all_indexes,5719,AccessShareLock,t
1439882467.15627,pg_stat_all_tables,5718,AccessShareLock,t
1439882467.15627,pg_stat_database,5716,AccessShareLock,t
1439882467.15627,pg_statio_all_indexes,5719,AccessShareLock,t
1439882467.15627,pg_statio_all_tables,5718,AccessShareLock,t
1439882527.15808,lineitem,5032,AccessExclusiveLock,t
1439882527.15808,lineitem,5032,ShareLock,t
1439882527.15808,pg_index,5731,AccessShareLock,t
1439882527.15808,pg_index,5733,AccessShareLock,t
1439882527.15808,pg_locks,5730,AccessShareLock,t
1439882527.15808,pg_namespace,5731,AccessShareLock,t
1439882527.15808,pg_namespace,5733,AccessShareLock,t
1439882527.15808,pg_stat_all_indexes,5733,AccessShareLock,t
1439882527.15808,pg_stat_all_tables,5731,AccessShareLock,t
1439882527.15808,pg_stat_database,5732,AccessShareLock,t
1439882527.15808,pg_statio_all_indexes,5733,AccessShareLock,t
1439882527.15808,pg_statio_all_tables,5731,AccessShareLock,t
1439882587.16019,lineitem,5032,AccessExclusiveLock,t
1439882587.16019,lineitem,5032,ShareLock,t
1439882587.16019,pg_amproc,5743,AccessShareLock,t
1439882587.16019,pg_amproc_fam_proc_index,5743,AccessShareLock,t
1439882587.16019,pg_index,5742,AccessShareLock,t
1439882587.16019,pg_index,5746,AccessShareLock,t
1439882587.16019,pg_locks,5744,AccessShareLock,t
1439882587.16019,pg_namespace,5742,AccessShareLock,t
1439882587.16019,pg_stat_activity,5743,AccessShareLock,t
1439882587.16019,pg_stat_all_indexes,5746,AccessShareLock,t
1439882587.16019,pg_stat_all_tables,5742,AccessShareLock,t
1439882587.16019,pg_stat_database,5745,AccessShareLock,t
1439882587.16019,pg_statio_all_indexes,5746,AccessShareLock,t
1439882587.16019,pg_statio_all_tables,5742,AccessShareLock,t
1439882647.1612,lineitem,5032,AccessExclusiveLock,t
1439882647.1612,lineitem,5032,ShareLock,t
1439882647.1612,pg_locks,5756,AccessShareLock,t
1439882647.1612,pg_rewrite,5759,AccessShareLock,t
1439882647.1612,pg_rewrite_rel_rulename_index,5759,AccessShareLock,t
1439882647.1612,pg_stat_activity,5755,AccessShareLock,t
1439882647.1612,pg_stat_all_indexes,5758,AccessShareLock,t
1439882647.1612,pg_stat_database,5757,AccessShareLock,t
1439882647.1612,pg_statio_all_indexes,5758,AccessShareLock,t
1439882647.1612,pg_statio_all_tables,5759,AccessShareLock,t
1439882647.1612,pg_toast_2618,5759,AccessShareLock,t
1439882647.1612,pg_toast_2618_index,5759,AccessShareLock,t
1439882707.16336,lineitem,5032,AccessExclusiveLock,t
1439882707.16336,lineitem,5032,ShareLock,t
1439882707.16336,pg_index,5768,AccessShareLock,t
1439882707.16336,pg_locks,5771,AccessShareLock,t
1439882707.16336,pg_operator,5772,AccessShareLock,t
1439882707.16336,pg_stat_activity,5770,AccessShareLock,t
1439882707.16336,pg_stat_all_indexes,5772,AccessShareLock,t
1439882707.16336,pg_stat_all_tables,5768,AccessShareLock,t
1439882707.16336,pg_stat_database,5769,AccessShareLock,t
1439882707.16336,pg_statio_all_indexes,5772,AccessShareLock,t
1439882707.16336,pg_statio_all_tables,5768,AccessShareLock,t
1439882767.16499,lineitem,5032,ShareLock,t
1439882767.16499,lineitem,5032,AccessExclusiveLock,t
1439882767.16499,pg_locks,5781,AccessShareLock,t
1439882767.16499,pg_rewrite,5785,AccessShareLock,t
1439882767.16499,pg_rewrite,5783,AccessShareLock,t
1439882767.16499,pg_rewrite_rel_rulename_index,5785,AccessShareLock,t
1439882767.16499,pg_rewrite_rel_rulename_index,5783,AccessShareLock,t
1439882767.16499,pg_stat_activity,5784,AccessShareLock,t
1439882767.16499,pg_stat_all_indexes,5783,AccessShareLock,t
1439882767.16499,pg_stat_all_tables,5785,AccessShareLock,t
1439882767.16499,pg_stat_database,5782,AccessShareLock,t
1439882767.16499,pg_statio_all_indexes,5783,AccessShareLock,t
1439882767.16499,pg_statio_all_tables,5785,AccessShareLock,t
1439882767.16499,pg_statistic,5784,AccessShareLock,t
1439882767.16499,pg_statistic_relid_att_inh_index,5784,AccessShareLock,t
1439882827.16734,lineitem,5032,AccessExclusiveLock,t
1439882827.16734,lineitem,5032,ShareLock,t
1439882827.16734,pg_index,5798,AccessShareLock,t
1439882827.16734,pg_index,5794,AccessShareLock,t
1439882827.16734,pg_locks,5796,AccessShareLock,t
1439882827.16734,pg_namespace,5798,AccessShareLock,t
1439882827.16734,pg_namespace,5794,AccessShareLock,t
1439882827.16734,pg_stat_activity,5795,AccessShareLock,t
1439882827.16734,pg_stat_all_indexes,5798,AccessShareLock,t
1439882827.16734,pg_stat_all_tables,5794,AccessShareLock,t
1439882827.16734,pg_stat_database,5797,AccessShareLock,t
1439882827.16734,pg_statio_all_indexes,5798,AccessShareLock,t
1439882827.16734,pg_statio_all_tables,5794,AccessShareLock,t
1439882887.16931,lineitem,5032,AccessExclusiveLock,t
1439882887.16931,lineitem,5032,ShareLock,t
1439882887.16931,pg_index,5811,AccessShareLock,t
1439882887.16931,pg_locks,5809,AccessShareLock,t
1439882887.16931,pg_stat_activity,5807,AccessShareLock,t
1439882887.16931,pg_stat_all_indexes,5811,AccessShareLock,t
1439882887.16931,pg_stat_all_tables,5810,AccessShareLock,t
1439882887.16931,pg_stat_database,5808,AccessShareLock,t
1439882887.16931,pg_statio_all_indexes,5811,AccessShareLock,t
1439882887.16931,pg_statio_all_tables,5810,AccessShareLock,t
1439882947.1715,lineitem,5032,AccessExclusiveLock,t
1439882947.1715,lineitem,5032,ShareLock,t
1439882947.1715,pg_index,5820,AccessShareLock,t
1439882947.1715,pg_locks,5822,AccessShareLock,t
1439882947.1715,pg_namespace,5820,AccessShareLock,t
1439882947.1715,pg_stat_activity,5821,AccessShareLock,t
1439882947.1715,pg_stat_all_indexes,5823,AccessShareLock,t
1439882947.1715,pg_stat_all_tables,5820,AccessShareLock,t
1439882947.1715,pg_stat_database,5824,AccessShareLock,t
1439882947.1715,pg_statio_all_indexes,5823,AccessShareLock,t
1439882947.1715,pg_statio_all_tables,5820,AccessShareLock,t
1439883007.17425,lineitem,5032,AccessExclusiveLock,t
1439883007.17425,lineitem,5032,ShareLock,t
1439883007.17425,pg_index,5844,AccessShareLock,t
1439883007.17425,pg_index,5845,AccessShareLock,t
1439883007.17425,pg_locks,5842,AccessShareLock,t
1439883007.17425,pg_namespace,5845,AccessShareLock,t
1439883007.17425,pg_stat_all_indexes,5845,AccessShareLock,t
1439883007.17425,pg_stat_all_tables,5844,AccessShareLock,t
1439883007.17425,pg_stat_database,5841,AccessShareLock,t
1439883007.17425,pg_statio_all_indexes,5845,AccessShareLock,t
1439883007.17425,pg_statio_all_tables,5844,AccessShareLock,t
1439883067.17586,lineitem,5032,AccessExclusiveLock,t
1439883067.17586,lineitem,5032,ShareLock,t
1439883067.17586,pg_locks,5854,AccessShareLock,t
1439883067.17586,pg_stat_activity,5857,AccessShareLock,t
1439883067.17586,pg_stat_all_indexes,5858,AccessShareLock,t
1439883067.17586,pg_stat_all_tables,5855,AccessShareLock,t
1439883067.17586,pg_stat_database,5856,AccessShareLock,t
1439883067.17586,pg_statio_all_indexes,5858,AccessShareLock,t
1439883067.17586,pg_statio_all_tables,5855,AccessShareLock,t
1439883127.17739,lineitem,5032,AccessExclusiveLock,t
1439883127.17739,lineitem,5032,ShareLock,t
1439883127.17739,pg_index,5872,AccessShareLock,t
1439883127.17739,pg_index,5873,AccessShareLock,t
1439883127.17739,pg_locks,5871,AccessShareLock,t
1439883127.17739,pg_namespace,5873,AccessShareLock,t
1439883127.17739,pg_stat_activity,5869,AccessShareLock,t
1439883127.17739,pg_stat_all_indexes,5873,AccessShareLock,t
1439883127.17739,pg_stat_all_tables,5872,AccessShareLock,t
1439883127.17739,pg_stat_database,5870,AccessShareLock,t
1439883127.17739,pg_statio_all_indexes,5873,AccessShareLock,t
1439883127.17739,pg_statio_all_tables,5872,AccessShareLock,t
